UAI,Lat -WGS84,Lon â€“ WGS84,,
0760197B,49,4458393,1,98826651
0760203H,49,44221509,1,118791448
0760205K,49,45069818,1,105678734
0760207M,49,44555896,1,9620474
0760210R,49,44457436,1,12517748
0760211S,49,44675137,1,75293619
0760216X,49,44143549,1,105579755
0760217Y,49,42713058,1,78437789
0760221C,49,4405841,1,87396569
0760223E,49,45861734,1,137176669
0760230M,49,44238652,1,118772775
0760237V,49,44303087,1,102508364
0760238W,49,45776793,1,13689572
0760244C,49,44538675,1,9617388
0760245D,49,42584342,1,91527756
0760246E,49,43175029,1,101644827
0760247F,49,44519088,1,78028354
0760249H,49,42845841,1,87001984
0760250J,49,43648489,1,79536228
0760252L,49,43547342,1,125827338
0760253M,49,44043553,1,88065262
0760254N,49,44315344,1,109366151
0760255P,49,4482735,1,78975043
0760256R,49,45862309,1,130839008
0760257S,49,44315259,1,105631005
0760258T,49,41876447,1,76674412
0760259U,49,42749961,1,77897471
0760260V,49,45301044,1,66591985
0760262X,49,45496084,1,126793312
0760263Y,49,53129099,0,356858014
0760265A,49,53909542,0,313523546
0760266B,49,56622612,0,311971116
0760267C,49,55699539,0,367854748
0760268D,49,571278,0,327535064
0760269E,49,50812774,0,301753836
0760270F,49,52726089,0,40255835
0760271G,49,50279277,0,266215346
0760272H,49,55734932,0,287932161
0760274K,49,57382525,0,375453755
0760279R,49,50422813,0,361781702
0760284W,49,48694427,0,453558635
0760285X,49,54656876,0,414576145
0760288A,49,67115306,1,284525559
0760289B,49,63475347,1,25672044
0760290C,49,66227072,1,349568782
0760291D,49,65608287,1,388590131
0760292E,49,61022289,1,252246542
0760293F,49,67486663,1,425217735
0760294G,49,62229582,1,384470394
0760296J,49,43765795,1,98316741
0760298L,49,6093272,1,332014034
0760299M,49,64365579,1,363712802
0760300N,49,60441941,1,282971369
0760301P,49,63828329,1,29988579
0760302R,49,65370846,1,432959754
0760305U,49,70987901,1,305141994
0760306V,49,54031768,1,516527919
0760307W,49,50351595,1,586042176
0760310Z,49,45971577,1,393317533
0760314D,49,51795358,1,479927234
0760316F,49,53055012,1,569163053
0760320K,49,49341162,1,481421297
0760322M,49,54666409,1,488453541
0760323N,49,7729331,1,750468977
0760326S,49,80782814,1,673423008
0760330W,49,69351058,1,636091375
0760334A,49,7338691,1,704915509
0760335B,49,74739912,1,650880428
0760337D,49,78382176,1,690090117
0760339F,49,76890922,1,641913706
0760340G,49,80833277,1,644534202
0760342J,49,7214515,1,627746878
0760350T,49,83024015,1,28313529
0760351U,49,74529515,0,933439501
0760356Z,49,81445888,0,950205561
0760358B,49,8108706,0,913643545
0760361E,49,83300766,0,964942963
0760367L,49,82903345,0,915781533
0760368M,49,79591382,1,45356795
0760372S,49,75730634,0,961278084
0760374U,49,83998044,0,990593043
0760384E,49,9280097,1,8993131
0760385F,49,92206739,1,74737442
0760388J,49,92299784,1,72540844
0760389K,49,90967866,1,180867182
0760390L,49,94970743,1,165007525
0760391M,49,95915481,1,18401645
0760392N,49,941125,1,149330792
0760394R,49,92082557,1,148751271
0760401Y,49,92364769,1,102601489
0760402Z,49,9219398,1,75422833
0760403A,49,91776811,1,67241573
0760404B,49,91182932,1,71159731
0760406D,49,92830638,1,80243483
0760407E,49,92644921,1,87190724
0760408F,49,71905073,0,783494419
0760412K,49,70711944,0,832584936
0760413L,49,72470624,0,880055592
0760415N,49,77028202,0,840977519
0760416P,49,73662676,0,824759993
0760425Z,49,72000982,0,899348539
0760426A,49,68882138,0,809964416
0760427B,49,43952316,1,147642496
0760428C,49,43969278,1,147505417
0760430E,49,44541013,1,151232133
0760431F,49,44226346,1,148230517
0760432G,49,44595055,1,147885534
0760434J,49,4428486,1,311162005
0760435K,49,45408745,1,116910825
0760436L,49,45768367,1,115932413
0760441S,49,47070471,1,118731985
0760442T,49,48010489,1,112779352
0760443U,49,47122977,1,119428773
0760444V,49,45675031,1,103709935
0760445W,49,44937597,1,263909506
0760446X,49,4681711,1,39859027
0760447Y,49,48298919,1,167740852
0760448Z,49,47656842,1,300920602
0760449A,49,48769734,1,400170816
0760452D,49,46097654,1,296761278
0760453E,49,48644544,1,214510469
0760454F,49,46712568,1,183284847
0760455G,49,47201711,1,344439349
0760456H,49,42215775,1,178254359
0760457J,49,459359,1,362648507
0760460M,49,43121272,1,158982958
0760461N,49,43261211,1,156000853
0760462P,49,43519359,1,147306113
0760463R,49,46643079,1,161419688
0760464S,49,47544309,1,269366374
0760465T,49,49949283,1,246819347
0760466U,49,56454043,1,409115833
0760468W,49,53802703,1,270561053
0760470Y,49,50385713,1,296559668
0760473B,49,51949716,1,358436667
0760474C,49,59257725,1,409807843
0760475D,49,56903372,1,428014531
0760476E,49,58229866,1,390130839
0760477F,49,51376296,1,321404195
0760478G,49,53758124,1,360555079
0760481K,49,54991624,1,288772285
0760483M,49,54196748,1,256777496
0760485P,49,50340544,1,351738247
0760486R,49,53883248,1,318974585
0760487S,49,56399222,1,349014244
0760488T,49,5676459,1,294193445
0760494Z,49,75565093,0,6889541
0760495A,49,81045801,0,589649338
0760496B,49,80618108,0,602177084
0760502H,49,7997866,0,690093405
0760503J,49,78467241,0,590772383
0760504K,49,83284783,0,628050308
0760506M,49,82539769,0,553397011
0760508P,49,84584256,0,592285895
0760515X,49,34172913,1,133246043
0760521D,49,4134683,1,296316281
0760523F,49,41078918,1,137511844
0760526J,49,39211559,1,273338382
0760527K,49,40863503,1,241641865
0760531P,49,35610838,1,189347344
0760534T,49,35020021,1,175534516
0760540Z,49,6319522,1,221688672
0760541A,49,72242973,1,165594625
0760542B,49,69036271,1,19761182
0760544D,49,78617544,1,230319032
0760546F,49,6543054,1,19124319
0760549J,49,73530861,1,309758754
0760551L,49,73128559,1,190378992
0760553N,49,57353325,0,478753303
0760554P,49,57045296,0,485043002
0760555R,49,5642158,0,472108277
0760557T,49,57655742,0,481285799
0760558U,49,5709186,0,471794804
0760559V,49,56547082,0,468821347
0760560W,49,57099246,0,472362158
0760561X,49,56860705,0,466970409
0760562Y,49,57345526,0,479413873
0760565B,49,62045721,0,477794316
0760568E,49,57134833,0,536151535
0760569F,49,59950217,0,563228537
0760576N,49,59793465,0,475439201
0760578R,49,58316556,0,392262654
0760580T,49,61602908,0,499533556
0760581U,49,5519563,0,451150534
0760582V,49,5728587,0,419107468
0760583W,49,57760929,0,599086132
0760586Z,49,93066486,1,62247086
0760587A,49,82648611,1,568288593
0760588B,49,95432937,1,55056085
0760591E,49,89277734,1,546888761
0760594H,49,86873133,1,56684624
0760598M,49,95957891,1,513053115
0760599N,49,9543333,1,587700479
0760600P,49,86172092,1,708601663
0760604U,49,89262914,1,644721066
0760605V,49,85357451,1,620379371
0760606W,49,8199704,1,594386132
0760607X,49,93360996,1,580747436
0760610A,49,83862581,1,563274593
0760612C,49,59938824,1,108431284
0760613D,49,57489536,1,63316717
0760614E,49,60368331,1,147049729
0760615F,49,60672138,1,80577087
0760616G,49,54326975,1,114708451
0760617H,49,5778686,1,228580201
0760618J,49,60063214,1,185732029
0760619K,49,54653664,1,53570766
0760620L,49,60505859,1,22365122
0760624R,49,62237645,1,137652149
0760625S,49,6182176,1,109550684
0760626T,49,63177563,1,847126
0760627U,49,57101639,1,109735051
0760628V,49,54406906,1,74533641
0760629W,49,5441681,1,74600386
0760630X,49,54797596,1,75384729
0760633A,49,5638086,1,2453257
0760634B,49,54783501,1,21861175
0760635C,49,54330318,1,17826884
0760637E,49,59096092,1,3249909
0760640H,49,64149548,0,265219184
0760643L,49,63235077,0,235593665
0760644M,49,66505865,0,221109671
0760645N,49,71722417,0,249516678
0760646P,49,70058179,0,257100481
0760650U,49,67832905,0,305155769
0760653X,49,59985366,0,261945411
0760654Y,49,61589515,0,147805869
0760658C,49,60178779,0,208583762
0760659D,49,66424917,0,201651124
0760660E,49,68292265,0,202137071
0760661F,49,60753361,0,234169382
0760662G,49,61865897,0,282049336
0760663H,49,65956619,0,243481518
0760666L,49,52642308,0,723030208
0760667M,49,5341137,0,633175965
0760668N,49,57411642,0,69439286
0760671S,49,55480184,0,724345231
0760672T,49,48572627,0,75553406
0760673U,49,52863993,0,664575298
0760674V,49,56638014,0,637962955
0760676X,49,50777394,0,733293424
0760677Y,49,55603377,0,621681395
0760678Z,49,52326629,0,620975643
0760683E,49,51313058,0,674228135
0760689L,49,79602064,1,322352374
0760692P,49,8513602,1,451362946
0760693R,49,82682156,1,330727993
0760695T,49,84206803,1,476625435
0760696U,49,85742626,1,357754358
0760699X,49,80800395,1,423212716
0760701Z,49,79344608,1,437001723
0760702A,49,80653221,1,452913242
0760703B,49,77751438,1,33339398
0760707F,49,83062773,1,86426101
0760708G,49,7694379,1,47853673
0760709H,49,80560069,1,52363873
0760710J,49,83544341,1,147753797
0760711K,49,75480321,1,148128682
0760713M,49,82116656,1,119605513
0760715P,49,82080448,1,90502752
0760716R,49,81153588,1,97426288
0760717S,49,73053639,1,9797399
0760723Y,49,79428763,1,12132612
0760726B,49,81375125,1,173467501
0760727C,49,52467841,0,544501443
0760728D,49,52358909,0,541239921
0760729E,49,51814316,0,533151789
0760730F,49,51814316,0,533151789
0760731G,49,52102572,0,532702653
0760733J,49,53534331,0,596351819
0760736M,49,52565292,0,56773774
0760740S,49,49228116,0,5619451
0760741T,49,4938517,0,563494008
0760743V,49,49307841,0,579962901
0760744W,49,4938517,0,563494008
0760745X,49,53346634,0,473477645
0760750C,49,54291921,0,55255004
0760751D,49,46253439,0,586335686
0760753F,49,52650361,0,545785861
0760754G,49,5037884,0,627815237
0760756J,49,7353482,1,442500589
0760762R,49,70709609,1,388091947
0760763S,49,79036808,1,477759632
0760764T,49,73305977,1,578422528
0760768X,49,69089883,1,400181911
0760769Y,49,77199441,1,492757682
0760771A,49,7652377,1,380994316
0760773C,49,70635598,1,504674183
0760778H,49,69520429,1,493107173
0760779J,49,763148,1,53055806
0760782M,49,48572363,0,131865538
0760788U,49,49883514,0,121170058
0760789V,49,50808736,0,166465427
0760791X,49,51750359,0,96514575
0760793Z,49,5206471,0,79493242
0760795B,49,50800022,0,147375969
0760809S,49,51454388,0,170370461
0760810T,49,4881537,0,144469418
0760812V,49,50575027,0,105091737
0760814X,49,48960405,0,115526812
0760815Y,49,50973506,0,135975405
0760817A,49,50808489,0,166167259
0760819C,49,51758272,0,96289089
0760820D,49,50800022,0,147375969
0760828M,49,49700868,0,99714306
0760831R,49,49591093,0,107291657
0760833T,49,49995473,0,128710287
0760837X,49,51454388,0,170370461
0760842C,49,50482375,0,103013055
0760843D,49,48811083,0,144520117
0760846G,49,87284691,1,46647704
0760847H,49,85755418,1,1838831
0760848J,49,88242061,1,126741635
0760851M,49,85247915,1,121897471
0760852N,49,86519663,0,889867353
0760856T,49,90518564,1,54514989
0760857U,49,90408327,1,53455153
0760860X,49,86436498,1,154482038
0760863A,49,87367803,0,95908255
0760864B,49,89663897,0,917684462
0760867E,49,87121416,1,69373502
0760868F,49,89336575,1,74670597
0760869G,49,90988664,0,946856002
0760870H,49,85683038,1,68840348
0760877R,49,97253497,1,446367114
0760878S,49,45381498,1,47699678
0760880U,49,48640758,0,995521224
0760881V,49,55790802,0,185249256
0760885Z,49,69630367,0,660791313
0760887B,49,71355643,0,618308375
0760891F,49,76111048,0,751649487
0760892G,49,69557768,0,69562879
0760897M,49,69296536,0,619277166
0760901S,49,53282206,0,961420758
0760904V,49,54124266,0,956696208
0760909A,49,550793,0,792627401
0760910B,49,56745657,0,829265575
0760911C,49,56215375,0,893316836
0760917J,49,61582543,0,82246744
0760918K,49,61762043,0,965654658
0760919L,49,56435153,1,5904438
0760920M,49,56704179,0,830755212
0760921N,49,58687094,0,984655268
0760923R,49,6138791,0,924674111
0760925T,49,59246344,0,893967177
0760927V,49,56547219,0,946309883
0760929X,49,57101912,0,950739459
0760932A,49,59834267,0,975055986
0760933B,49,65272796,1,42429187
0760934C,49,54496914,0,955050323
0760935D,49,55673966,0,954038544
0760936E,49,5411861,0,947859614
0760937F,49,56837597,0,955367616
0760938G,49,56791678,0,945316423
0760939H,49,40030762,1,84367466
0760942L,49,41625352,1,92991078
0760944N,49,40828689,1,96772018
0760949U,49,41960034,1,91877622
0760952X,49,41263608,1,8045572
0760956B,49,35679962,1,99612429
0760963J,49,37237612,1,101496026
0760968P,49,38900813,1,94073663
0760973V,49,39986173,1,72598191
0760974W,49,39561252,1,65219196
0760977Z,49,39853991,1,7716624
0760978A,49,39875638,1,77378582
0760979B,49,39894904,1,7733833
0760980C,49,39684624,1,69222958
0760983F,49,34044193,1,93709013
0760984G,49,38328089,1,10661556
0760987K,49,71794124,1,102827959
0760988L,49,74450781,1,19254564
0760993S,49,66558308,1,166170145
0760994T,49,70491856,1,27161234
0760997W,49,75583725,1,72415195
0760998X,49,75601095,1,72260213
0761001A,49,7059225,1,95734119
0761002B,49,68043254,1,106627337
0761003C,49,74030777,0,970436163
0761005E,49,67475933,1,119907538
0761007G,49,70412472,0,963889139
0761009J,49,69393252,1,91887494
0761013N,49,76177281,0,501722731
0761014P,49,74964239,0,449948928
0761018U,49,78822246,0,453161085
0761019V,49,75119656,0,563982001
0761020W,49,689685,0,502670535
0761021X,49,72541092,0,562049298
0761023Z,49,80732365,0,49712844
0761028E,49,70530404,0,55062596
0761029F,49,75298254,0,522648803
0761030G,49,76534156,0,543957252
0761031H,49,71988383,0,495157127
0761032J,49,71312695,0,510880618
0761033K,49,73818855,0,424731232
0761035M,49,69633958,0,532339714
0761036N,49,66821981,0,89604982
0761038R,49,65824598,0,968600317
0761039S,49,64310209,0,886737399
0761040T,49,67468273,0,945746855
0761041U,49,61546476,0,895405225
0761042V,49,67635955,0,845026138
0761044X,49,63960993,0,8047248
0761045Y,49,67549347,0,786230954
0761046Z,49,63484475,0,838337873
0761049C,49,71122441,0,908997372
0761052F,49,69969134,0,849672039
0761053G,49,64921606,0,893238633
0761054H,49,63379401,0,938784873
0761055J,49,69334324,0,902968405
0761056K,49,6208242,0,759157488
0761061R,49,64992772,0,726735942
0761062S,49,59690541,0,723856936
0761063T,49,6411312,0,774040978
0761064U,49,58137346,0,697184879
0761066W,49,60767544,0,783797062
0761067X,49,62279669,0,774818794
0761068Y,49,58124051,0,766145311
0761069Z,49,61211406,0,689809977
0761071B,49,61284971,0,754651077
0761074E,49,47735731,1,38115183
0761076G,49,48106405,1,41561407
0761081M,49,42486067,1,20107152
0761083P,49,44646615,1,31824354
0761086T,49,44971891,1,35972145
0761089W,49,44040922,1,25869413
0761091Y,49,46572557,1,53615215
0761094B,49,50575485,1,39726287
0761099G,49,52451884,1,35726506
0761100H,49,45926793,1,1026575
0761101J,49,45968731,1,89454738
0761105N,49,46191497,1,74851969
0761109T,49,48619292,1,47403536
0761111V,49,49073483,1,48633273
0761114Y,49,52735486,0,994509626
0761115Z,49,51071469,0,975931647
0761118C,49,48355107,1,39355442
0761119D,49,46226186,1,52405514
0761120E,49,47073555,1,51130082
0761121F,49,5453839,0,194949223
0761122G,49,54731415,0,189373541
0761123H,49,54629429,0,191582587
0761124J,49,59519341,0,130369433
0761131S,49,50706002,0,178362802
0761132T,49,50706002,0,178362802
0761133U,49,50706002,0,178362802
0761136X,49,51078788,0,188125525
0761142D,49,59787475,0,175696577
0761143E,49,58555457,0,211917644
0761150M,49,53084173,0,234884471
0761151N,49,5454283,0,186150208
0761152P,49,50497057,0,201036509
0761153R,49,86235437,0,708847329
0761156U,49,85435114,0,793065369
0761158W,49,8415805,0,752689037
0761161Z,49,82667134,0,712605933
0761163B,49,82273227,0,664604851
0761165D,49,79694326,0,758712188
0761167F,49,87333814,0,799188536
0761170J,49,35701469,1,12034305
0761173M,49,34619004,1,19892896
0761177S,49,4002538,1,5815378
0761180V,49,40865387,1,57184011
0761183Y,49,40987206,1,58522889
0761186B,49,3590102,0,972911411
0761187C,49,34246487,0,96507889
0761188D,49,38368634,1,2719375
0761194K,49,43077054,1,6239559
0761201T,49,35836599,0,943612383
0761202U,49,39117601,0,932080767
0761203V,49,37829672,1,1993763
0761204W,49,40903757,1,58459264
0761205X,49,41666502,1,35199866
0761206Y,49,4308659,1,5527897
0761207Z,49,42149368,1,63680442
0761208A,49,41356514,1,67876936
0761210C,49,50332002,0,23301912
0761211D,49,50689975,0,23233479
0761224T,49,50691698,0,232459529
0761226V,49,51544887,0,82105093
0761227W,49,49991444,0,201610057
0761228X,49,5103959,0,136196848
0761229Y,49,49714982,0,113157911
0761230Z,49,5089419,0,167012171
0761232B,49,51829131,0,97412149
0761233C,49,5207958,0,78423849
0761234D,49,51899766,0,96977176
0761235E,49,50986266,0,147526719
0761236F,49,50050996,0,139944275
0761237G,49,49217022,0,141306991
0761239J,49,50139631,0,179064469
0761240K,49,4988771,0,138396104
0761242M,49,52075994,0,102298301
0761243N,49,51140395,0,158586924
0761244P,49,50718725,0,161127713
0761245R,49,4982946,0,143286147
0761246S,49,49573006,0,123608338
0761247T,49,49695641,0,107687102
0761249V,49,48774518,0,104031911
0761250W,49,49648513,0,101926835
0761251X,49,48602836,0,13410146
0761252Y,49,51780589,0,123114409
0761253Z,49,47966639,0,164100369
0761254A,49,49190499,0,102727603
0761255B,49,50227817,0,15734179
0761257D,49,48930339,0,114759519
0761258E,49,49934263,0,128497308
0761259F,49,51409998,0,170077228
0761260G,49,49628437,0,157311465
0761261H,49,50601579,0,105928871
0761262J,49,51116751,0,11031536
0761263K,49,51498226,0,112193456
0761264L,49,50819341,0,91702638
0761265M,49,49700987,0,120808334
0761266N,49,4880334,0,14466937
0761267P,49,48414487,1,723718747
0761270T,49,46973318,1,672366024
0761271U,49,44152841,1,62298112
0761272V,49,45088141,1,654618853
0761273W,49,5056843,1,609770645
0761274X,49,51403682,1,697131095
0761275Y,49,53233159,1,659410868
0761277A,49,48815052,1,642666228
0761281E,49,56633902,1,659867704
0761282F,49,43874354,1,666592507
0761285J,49,75238623,0,383400414
0761287L,49,75845158,0,380513159
0761288M,49,75692015,0,369516959
0761290P,49,74521728,0,369186541
0761291R,49,75205516,0,370570552
0761292S,49,75188817,0,370414026
0761296W,49,75258226,0,393509429
0761297X,49,61330447,1,541601864
0761299Z,49,50979455,0,17696142
0761300A,49,52099556,0,12704966
0761306G,49,92778676,1,102450177
0761307H,49,39044354,1,27924061
0761309K,49,5313308,0,354312539
0761310L,49,46138849,1,127985513
0761311M,49,42554819,1,126086562
0761312N,49,47551465,1,53018572
0761316T,49,51643872,0,174303539
0761377J,49,60437972,0,630671693
0761380M,49,63919438,0,635012404
0761381N,49,61608129,0,621272835
0761382P,49,67932304,0,657262438
0761383R,49,66027457,0,669736971
0761384S,49,61390711,0,59322927
0761385T,49,6527294,0,537413961
0761387V,49,69455927,0,596916512
0761388W,49,6352772,0,607258596
0761395D,49,82228612,0,792628367
0761396E,49,8288998,0,791224054
0761397F,49,78041226,0,782094157
0761399H,49,79470679,0,822040704
0761400J,49,78539121,0,866280962
0761401K,49,86108556,0,849041859
0761402L,49,79450897,0,898772917
0761403M,49,79772724,0,786974436
0761407S,49,81433818,0,802873705
0761411W,49,88262661,0,829809781
0761412X,49,61425952,1,54059953
0761415A,49,64576344,1,531906163
0761416B,49,68478304,1,563114358
0761421G,49,60929783,1,572565809
0761422H,49,65167379,1,618129959
0761427N,49,58301142,1,665231464
0761429R,49,6713099,1,516638156
0761430S,49,6159828,1,463273905
0761433V,49,57832041,1,617338559
0761439B,49,66623417,0,457193552
0761440C,49,67739945,0,432848632
0761445H,49,67420027,0,492867941
0761447K,49,62809896,0,398959052
0761451P,49,6955536,0,476262892
0761452R,49,65047664,0,325217973
0761454T,49,65752301,0,416193767
0761458X,49,69093375,0,406538131
0761459Y,49,65464247,0,466350381
0761462B,49,66688466,0,343449557
0761463C,49,66757404,0,49869674
0761464D,49,62488069,0,446714826
0761466F,49,4855079,0,88061783
0761469J,49,46330831,0,883024792
0761470K,49,43403418,0,92640548
0761471L,49,47275291,0,901190229
0761472M,49,52543454,0,83463028
0761473N,49,47960725,0,957731718
0761479V,49,41203172,0,860054103
0761480W,49,41410634,0,945507552
0761483Z,49,51051755,0,881047496
0761487D,49,50103004,0,931551358
0761489F,49,51038455,0,838223159
0761494L,49,49764269,0,791978656
0761501U,49,39997183,0,881284686
0761502V,49,28592141,1,430042
0761503W,49,28640461,1,4754631
0761507A,49,28042336,1,902948
0761510D,49,28487742,1,21779168
0761512F,49,28456841,1,216343
0761513G,49,28243048,1,15363023
0761515J,49,28273165,1,21218065
0761516K,49,28152313,1,16346313
0761518M,49,31060992,1,78945625
0761522S,49,31048743,0,996166021
0761523T,49,29780966,1,10646974
0761526W,49,27599702,1,439237
0761527X,49,27712995,1,39982999
0761528Y,49,27742118,1,39698441
0761529Z,49,32042845,1,123982154
0761531B,49,32983433,1,106331585
0761533D,49,29309424,0,998306599
0761534E,49,28904294,0,998833443
0761537H,50,4806889,1,425376122
0761539K,49,98512391,1,409319658
0761540L,49,9829807,1,34848086
0761544R,49,95976602,1,399399228
0761545S,50,2934373,1,385387813
0761546T,50,3696455,1,36243446
0761552Z,49,95814229,1,474433953
0761553A,49,97465184,1,49062243
0761555C,49,9950604,1,450894434
0761558F,49,97773735,1,370192194
0761561J,50,875333,1,395395036
0761562K,49,95437321,1,420807342
0761564M,50,186872,1,323665186
0761566P,50,5888227,1,372751939
0761567R,50,5951506,1,374743861
0761568S,49,94276326,1,450155369
0761569T,49,76224137,0,375488182
0761570U,49,76224137,0,375488182
0761573X,49,75258226,0,393509429
0761574Y,49,74063471,0,332053849
0761577B,49,72451559,0,332474087
0761578C,49,73488893,0,412540508
0761579D,49,69569367,0,326222451
0761580E,49,69952985,0,284721491
0761581F,49,69952985,0,284721491
0761583H,49,7395661,0,358547718
0761586L,49,77305704,0,414956017
0761587M,49,71496079,0,399748424
0761588N,49,72753801,0,27984565
0761589P,49,73801587,0,314382269
0761591S,49,75601759,0,37030853
0761596X,49,92036402,1,400356756
0761600B,49,98102615,1,254602
0761602D,49,8596089,1,199953375
0761605G,49,8265831,1,234037778
0761612P,49,85184328,1,293841453
0761613R,49,98068863,1,233698772
0761614S,49,81001241,1,274045151
0761616U,49,8688378,1,18002646
0761617V,49,8471565,1,264657216
0761618W,49,95678012,1,219789449
0761619X,49,87924021,1,21944444
0761621Z,49,87510952,1,210592532
0761622A,49,87377218,1,248958432
0761625D,49,92165882,1,200537255
0761627F,49,94339872,1,265501906
0761628G,49,66335337,1,218559398
0761651G,49,47605175,0,816693565
0761729S,49,28423589,1,819795
0761754U,49,50332002,0,23301912
0761755V,49,83142074,0,921438846
0761756W,49,40816386,1,96838567
0761761B,49,4827018,0,878301962
0761762C,49,50937873,0,182628664
0761763D,49,9249586,1,97160723
0761764E,49,48906332,0,571498835
0761766G,49,50998917,0,83533793
0761878D,49,56087503,0,330628375
0761879E,49,7728001,1,749766008
0761880F,49,57858535,0,481262336
0761881G,49,92617869,1,74076885
0761882H,49,88846864,1,430813757
0761885L,49,40494253,1,49650985
0761889R,49,51501577,0,91251614
0761892U,49,47768714,0,766525152
0761897Z,49,45044671,1,142782851
0761898A,49,30204335,1,18804407
0761899B,49,30177686,1,1894939
0761900C,49,64253186,0,165980312
0761901D,49,49647643,0,319075182
0761902E,49,81771411,0,637149047
0761933N,49,44487934,1,138124701
0761934P,49,44994592,1,142956745
0761935R,49,47496566,1,52982782
0761936S,49,74521728,0,369186541
0761937T,49,51745442,0,169770944
0761941X,49,51807285,0,11330994
0761960T,49,54649188,0,193281381
0761961U,49,4566235,1,90033261
0761963W,49,73400389,1,444126283
0761964X,49,3396182,1,96953884
0761965Y,49,56965391,0,952250858
0761968B,49,44962648,1,100511156
0761970D,49,44303087,1,102508364
0761971E,49,45084069,1,93677464
0761975J,49,44913252,1,10398645
0761976K,49,45123691,1,62954513
0761978M,49,44171498,1,9634414
0761979N,49,42689312,1,79167542
0761980P,49,44232757,1,103870328
0761981R,49,44864488,1,85394033
0761982S,49,50379968,0,87976809
0761984U,49,29732297,1,106891
0761985V,49,38673983,1,10495418
0761988Y,49,67390095,1,284229968
0761989Z,49,86672633,0,711558402
0761992C,49,61936205,0,755726148
0761995F,49,77049366,1,753646075
0761996G,49,78618702,0,995424381
0761997H,49,45830757,1,113620091
0761998J,49,45535643,1,11682302
0761999K,49,46607407,1,115567251
0762000L,49,57184001,0,469110099
0762001M,49,57510282,0,486499251
0762003P,49,3523742,0,928892033
0762004R,49,62713264,0,399262746
0762005S,49,7872854,0,636002768
0762008V,49,4388935,1,143101744
0762009W,49,46158055,1,52024402
0762010X,49,89741798,1,74872337
0762011Y,49,7187973,0,786066025
0762013A,49,28917733,1,9897611
0762015C,50,4796504,1,423166751
0762017E,49,65422086,0,588364454
0762018F,49,75473207,0,376689457
0762020H,49,6118186,1,544359271
0762021J,49,48019152,1,722771105
0762023L,49,49812015,0,121472449
0762024M,49,49503875,0,99699793
0762025N,49,49441708,0,113286509
0762028S,49,50803501,0,107859159
0762029T,49,51339994,0,122841723
0762030U,49,49972856,0,144868974
0762032W,49,48415266,0,134153543
0762033X,49,5144217,0,118871478
0762034Y,49,50027611,0,134422858
0762036A,49,49658832,0,106583869
0762037B,49,51656358,0,535949654
0762038C,49,61303859,0,924463246
0762039D,49,48525459,1,44408772
0762041F,49,40636066,1,138644678
0762042G,49,4144532,1,135312323
0762057Y,49,4539872,1,35056258
0762059A,49,52358909,0,541239921
0762060B,49,47908329,1,2190295
0762061C,49,39076786,1,27025958
0762062D,49,51770077,0,156854683
0762065G,49,39429171,1,70847713
0762066H,49,41244621,1,80162393
0762067J,49,47695006,0,812761527
0762068K,49,49764269,0,791978656
0762069L,49,91053942,1,337085195
0762070M,49,68077593,0,742571811
0762071N,49,44866112,1,136690325
0762075T,49,52347629,0,221253991
0762076U,49,50161051,0,178685407
0762077V,49,47819869,0,812001936
0762082A,49,7037043,0,446499978
0762103Y,49,45408291,1,35136731
0762105A,49,64476318,0,363880876
0762106B,49,41942521,1,58986925
0762108D,49,72496256,1,366522875
0762109E,49,76420534,1,591733425
0762110F,49,70619986,0,365381991
0762111G,49,65174896,0,595145132
0762112H,49,5275618,0,569128161
0762113J,49,51825468,0,264057129
0762114K,49,64550278,0,363740375
0762115L,49,88276834,0,948596994
0762116M,49,7930652,1,10690008
0762117N,49,72794766,0,601792622
0762118P,49,53215318,0,256914501
0762119R,49,44468817,0,963296632
0762137K,49,71991557,1,46591462
0762138L,49,45848202,1,34859806
0762139M,49,31176587,1,31796667
0762140N,49,29304625,0,999317593
0762141P,49,51479219,0,91116474
0762143S,49,52628172,0,120983322
0762145U,49,44749767,1,141364186
0762146V,49,54801687,0,184659448
0762147W,49,5503682,0,180505682
0762149Y,49,61424632,0,764915447
0762158H,49,47082965,1,143204499
0762160K,49,52628172,0,120983322
0762168U,49,50443665,0,575823198
0762179F,49,44028485,1,135297678
0762180G,49,44039445,1,135292329
0762182J,49,53687186,0,141661687
0762183K,49,63750684,0,850522384
0762184L,49,50292172,0,234914381
0762185M,49,47097065,1,143195271
0762188R,49,74260094,0,513698105
0762189S,49,66730746,0,891638896
0762190T,49,50292172,0,234914381
0762191U,49,50443665,0,575823198
0762192V,49,52287637,0,117705278
0762194X,49,48245304,1,58094685
0762195Y,49,47573844,0,636746593
0762206K,50,437348,1,414183273
0762207L,49,34945699,1,523484
0762212S,50,5480604,1,364341907
0762213T,49,71788907,0,782983254
0762214U,49,40068393,1,39224621
0762215V,49,52287637,0,117705278
0762233P,49,54439254,0,953643336
0762234R,49,5536019,0,938405065
0762235S,49,34981132,1,14639
0762236T,49,42927806,1,58747852
0762237U,49,42951241,1,6035457
0762238V,49,27096316,1,48869156
0762239W,49,27066702,1,48628858
0762245C,49,91859264,1,101516284
0762246D,49,39351233,1,93595758
0762247E,49,51745442,0,169770944
0762324N,49,42707676,1,59623413
0762325P,49,47896347,1,716797803
0762326R,49,47068817,1,44730691
0762327S,49,42650601,1,73140584
0762328T,49,42633812,1,73268163
0762329U,49,45207363,1,24093957
0762330V,49,52740918,1,45525356
0762332X,49,42679769,1,59152872
0762333Y,49,59892134,0,849066957
0762334Z,49,49199883,0,684770191
0762335A,49,47943656,0,464659196
0762336B,49,81115442,0,850069307
0762338D,49,59031947,0,42632729
0762339E,49,56359317,1,162428473
0762340F,49,70694899,0,205756551
0762341G,49,70319917,0,209217585
0762342H,49,78550538,1,228919546
0762343J,49,91897095,1,10082306
0762344K,49,93175994,1,10099095
0762345L,49,52804294,0,115474267
0762349R,49,53377134,0,958262742
0762350S,49,78823817,0,635817087
0762351T,50,1934171,1,32097838
0762352U,49,45637779,0,82872531
0762353V,49,28034665,1,912178
0762354W,49,63256331,0,533695765
0762356Y,49,34602256,1,19933731
0762358A,49,79212272,1,109407398
0762359B,49,53288449,0,239921199
0762360C,49,87430892,1,45352816
0762362E,49,45034467,1,106184046
0762363F,49,47605175,0,816693565
0762364G,49,85772109,1,657544636
0762365H,50,1891871,1,321775947
0762366J,49,53322513,0,146087154
0762367K,49,7489271,0,639939779
0762368L,49,55741637,0,483218466
0762370N,49,58552811,0,52616245
0762374T,49,42956131,1,49132053
0762375U,49,4186513,1,76568385
0762376V,49,45600835,0,828029193
0762379Y,49,34517248,1,100566509
0762381A,49,38914176,1,34617031
0762382B,49,31436664,1,30434877
0762383C,49,30322965,1,343869
0762389J,49,5255538,0,113478157
0762390K,49,3453229,0,991110642
0762391L,49,38930069,1,34659178
0762392M,49,30294211,1,34179208
0762395R,49,75063744,0,879605111
0762409F,49,40478077,1,49432528
0762412J,49,57833091,1,205948384
0762413K,49,59592289,0,678410516
0762414L,49,38657933,1,140897528
0762415M,49,38625593,1,140973926
0762416N,49,93117789,1,622871754
0762417P,49,56443903,0,223137438
0762419S,49,55692004,0,483434913
0762422V,49,47966639,0,164100369
0762425Y,49,52287637,0,117705278
0762427A,49,30586818,0,961521345
0762428B,49,30596325,0,961347065
0762429C,49,4689904,1,85628795
0762430D,49,46944939,1,83896977
0762431E,49,4900255,1,52489919
0762432F,49,55679061,0,119326569
0762433G,49,90482445,1,9283531
0762434H,49,53346634,0,473477645
0762435J,49,42387421,1,717332512
0762436K,49,86061011,0,706894468
0762437L,49,60753361,0,234169382
0762440P,49,42912424,1,61772451
0762441R,49,54592575,0,173392934
0762444U,49,47633286,1,40810216
0762446W,49,48294782,1,745261332
0762449Z,49,54592575,0,173392934
0762450A,49,73671581,0,316417446
0762451B,49,70990133,0,632407103
0762462N,49,33011648,1,106262071
0762463P,49,40122255,1,101110921
0762464R,49,4009828,1,100672012
0762465S,49,63275148,1,440132961
0762466T,49,86583212,0,706385881
0762467U,49,81807169,1,264378646
0762468V,49,4528937,1,66543966
0762469W,49,43023722,1,62328815
0762470X,49,90948385,1,670475117
0762471Y,49,41179352,1,137866868
0762475C,49,49520884,0,152029014
0762480H,49,51139972,0,158099619
0762481J,49,41116571,1,43331611
0762482K,49,4027379,1,177297446
0762483L,49,40246324,1,177447686
0762484M,49,74611869,0,366511172
0762485N,49,28810139,1,15712832
0762486P,49,2891909,0,972033929
0762487R,49,28895175,0,972090062
0762488S,49,86987454,1,321310468
0762489T,49,30718884,1,34386039
0762490U,49,27860995,1,23711157
0762491V,49,56582242,0,480056797
0762499D,49,40004746,1,72235806
0762501F,49,81897252,1,52826625
0762502G,49,2882232,1,15738395
0762503H,49,65181647,1,618031985
0762504J,49,91418174,1,49229032
0762505K,49,50144837,0,158542081
0762506L,49,44097571,1,20352476
0762507M,49,44081485,1,205590152
0762508N,49,50073994,0,20168525
0762517Y,49,52645123,0,72611183
0762519A,49,40771259,1,123666885
0762520B,49,40225458,1,130716961
0762521C,49,54227634,0,946676298
0762522D,49,55673966,0,954038544
0762523E,49,38797508,1,199634518
0762524F,49,62568853,1,177000198
0762527J,49,46216987,1,515548011
0762528K,49,5235486,0,222172867
0762530M,49,56598622,0,25601093
0762531N,49,90341926,1,141084554
0762532P,49,90945301,1,108044211
0762533R,49,54848974,0,170506922
0762534S,49,54817715,0,170406665
0762537V,49,60287492,0,302326704
0762539X,49,52647397,0,760477971
0762540Y,49,63157688,1,537297793
0762542A,49,52125535,0,127120782
0762543B,49,52375008,0,124315029
0762544C,49,51273926,0,128772237
0762547F,49,51770077,0,156854683
0762548G,50,1371685,1,495657541
0762549H,49,49897759,1,140163191
0762550J,49,49835195,1,140401142
0762551K,49,52978611,0,667088338
0762555P,49,76592037,1,511681234
0762556R,49,59202213,1,316595029
0762557S,49,6093729,1,332462082
0762558T,49,71201738,1,228455753
0762559U,49,51036384,0,109687936
0762560V,49,81764396,0,771316672
0762561W,49,42882507,1,86308797
0762590C,49,86583212,0,706385881
0762591D,49,83380257,1,401673587
0762592E,49,64149548,0,265219184
0762593F,49,45997076,1,393497136
0762594G,49,36972898,1,244452966
0762595H,49,43539591,0,829344128
0762596J,49,44351979,0,96193365
0762597K,49,74316145,0,51037632
0762603S,49,83039417,1,397486426
0762605U,49,41378642,1,3129266
0762606V,49,51079517,1,7482181
0762608X,49,35040088,1,175962327
0762610Z,49,48273263,1,57140289
0762611A,49,66303117,0,390325479
0762612B,50,1782901,1,444603241
0762613C,50,4083564,1,444172884
0762614D,49,29915587,1,13928098
0762615E,49,68030224,1,4742885
0762616F,49,91800545,1,67249273
0762617G,49,85842107,1,102959498
0762618H,49,61384458,0,75346748
0762627T,49,84958967,0,931014534
0762628U,49,45484632,1,1268292
0762653W,49,41417954,1,67277866
0762658B,49,78763615,1,2127784
0762659C,49,59899341,1,108187219
0762660D,49,84881978,1,568565509
0762661E,49,51825468,0,264057129
0762665J,49,47848448,1,25317489
0762666K,49,36302299,1,99239888
0762668M,49,4667633,1,183459033
0762670P,49,50115578,0,931754745
0762673T,49,47349741,1,1089367
0762674U,49,51831826,0,879588013
0762676W,49,54790669,1,2184117
0762677X,49,78924283,0,679552148
0762678Y,49,7816999,0,908289661
0762682C,49,8472643,1,565721652
0762683D,49,49901553,0,142662002
0762685F,49,39545374,1,65635666
0762686G,49,90663514,0,994579446
0762689K,49,3693744,1,244677063
0762695S,49,50952107,0,9189959
0762707E,49,88027907,1,128077377
0762709G,49,38732946,1,199447726
0762710H,49,31147191,1,30477944
0762711J,49,54683583,1,53280344
0762712K,49,56335357,1,162692719
0762713L,49,51362539,1,33214268
0762714M,49,54464715,0,183180229
0762715N,49,45975162,1,88630315
0762716P,49,46211255,1,74952164
0762717R,49,54878605,1,75959539
0762718S,49,52401827,1,186318376
0762719T,49,90360167,1,91752738
0762720U,49,9099564,0,946622205
0762722W,49,95641023,1,219438896
0762723X,49,68098467,1,47610622
0762724Y,49,39982833,1,58253853
0762725Z,49,50372544,1,296336273
0762726A,49,4862924,1,214557179
0762727B,49,56773219,1,294193343
0762737M,49,78388036,0,590673671
0762744V,49,435351,1,125818008
0762745W,49,55326209,0,597913692
0762747Y,49,48757252,0,450935292
0762748Z,49,46229107,1,515461765
0762752D,49,78813719,0,634179364
0762754F,49,94984994,1,165403428
0762771Z,49,42460568,1,60215476
0762773B,49,65155345,0,59230746
0762776E,49,85864322,1,103202836
0762777F,49,48685976,0,994975052
0762778G,49,47192184,1,344572086
0762779H,49,63215328,1,85575883
0762780J,49,42204047,1,177869852
0762781K,49,70376408,0,964521584
0762782L,49,49640525,0,121591945
0762783M,49,38387985,1,27150535
0762784N,49,29143334,0,997492486
0762806M,49,45976966,1,131965577
0762811T,49,27545051,1,26817152
0762815X,49,30690014,1,31843294
0762818A,49,4572948,1,104033289
0762820C,49,81115442,0,850069307
0762821D,49,93042005,1,94568154
0762822E,49,43637752,1,79738756
0762823F,49,56388254,1,349013624
0762824G,49,50971901,0,839774068
0762825H,49,27585175,1,43893467
0762831P,49,54177931,1,256694091
0762834T,49,27564395,1,26108836
0762837W,49,77275201,0,46108562
0762839Y,49,48906479,0,101635473
0762840Z,49,47597409,0,958262286
0762842B,49,59112682,0,428064098
0762843C,49,34158724,1,133198886
0762844D,49,52691898,0,724397749
0762847G,49,29011579,1,6498782
0762852M,49,8972216,1,264883019
0762857T,49,35756127,1,11918252
0762870G,49,40019292,1,85016477
0762882V,49,5227844,0,326058304
0762886Z,49,52381434,1,186086671
0762889C,49,42599901,1,91644663
0762898M,49,3426163,0,965901375
0762901R,49,47913306,0,76819141
0762905V,49,4000316,1,178725342
0762906W,49,37863122,1,102062973
0762907X,49,47346831,1,85902266
0762909Z,49,47332865,1,85882629
0762910A,49,49476158,0,97551839
0762913D,49,79966727,1,72945904
0762921M,49,46152683,1,127977722
0762922N,49,56443903,0,223137438
0762923P,49,63939113,0,222696413
0762925S,49,50159712,0,17795567
0762926T,49,51513275,0,111375581
0762928V,49,46433253,1,66894882
0762929W,49,73582945,1,437974079
0762934B,49,5777004,1,228634388
0762937E,49,44706154,1,8920082
0762938F,49,71585124,1,107310592
0762940H,49,50712168,0,123711061
0762942K,49,41134511,1,50770007
0762943L,49,442023,1,149026436
0762944M,49,4259669,1,8000705
0762977Y,49,78763615,1,2127784
0762978Z,49,90674808,1,82023587
0762980B,49,67265263,1,284936525
0762982D,49,93052883,1,94513975
0762986H,49,67472562,1,708252265
0762987J,49,83610055,1,718858622
0762988K,49,41611339,1,92999022
0762989L,49,42044946,1,58550019
0762990M,49,34080546,1,94467556
0762994S,49,50840727,0,201329952
0762995T,49,5275618,0,569128161
0762996U,49,55624751,0,117171524
0762998W,49,49243625,0,101964536
0762999X,49,80351982,0,530340756
0763006E,49,63315426,0,53539342
0763007F,49,40470671,1,47684149
0763008G,49,35811424,1,765847
0763009H,49,38371633,1,106804769
0763010J,49,37316474,1,101959925
0763011K,49,43384381,0,822476184
0763013M,49,43752249,1,99022102
0763014N,49,44732046,1,86524372
0763015P,49,49405046,0,359839678
0763016R,49,50430943,0,414039485
0763017S,49,51173671,0,185609691
0763019U,50,4925503,1,422048319
0763020V,49,91134641,1,69484577
0763021W,49,79898839,1,175233601
0763022X,49,54484896,0,95501366
0763023Y,49,40492189,1,47423856
0763026B,49,60876807,0,35440995
0763074D,49,52804294,0,115474267
0763075E,49,50057465,0,139141163
0763077G,49,52441172,1,37328431
0763080K,49,5292643,1,41488163
0763081L,49,52913966,1,41508105
0763084P,49,5583948,0,64445304
0763086S,49,66361042,1,560465339
0763099F,49,35102403,0,93138389
0763100G,49,47955593,1,723018652
0763101H,49,44398425,1,12532996
0763102J,49,62042879,0,75843447
0763107P,49,46417575,1,6681663
0763108R,49,50570215,0,202224337
0763127L,49,51051547,1,73852043
0763131R,49,64111571,1,159304038
0763132S,49,65143533,0,43648943
0763133T,49,60489394,1,46829719
0763158V,49,51555,0,81897682
0763160X,49,40105727,1,38904562
0763162Z,49,47945133,1,110588793
0763187B,49,9064824,1,82787685
0763188C,49,42393319,1,125372113
0763190E,49,38932693,1,94049476
0763196L,49,37229571,1,95810965
0763207Y,49,44946677,1,35947292
0763215G,49,44472914,1,138179771
0763218K,49,51263979,0,128711497
0763219L,49,5070688,0,122922687
0763221N,49,67182113,0,189189772
0763225T,49,5053116,1,9107021
0763226U,49,52804294,0,115474267
0763228W,49,39415263,1,71034751
0763229X,49,51745442,0,169770944
0763230Y,49,63646838,1,293776433
0763240J,49,51839162,0,122860602
0763241K,49,51855416,0,204573124
0763242L,49,52515782,0,54158062
0763243M,49,41946941,1,92069905
0763247S,49,83349135,1,611472905
0763252X,49,58215879,0,21546835
0763296V,49,65362228,0,762883988
0763306F,49,36522113,1,156526386
0763307G,49,51567395,0,176255839
0763308H,49,52857567,0,933087515
0763309J,49,52065765,1,247931155
0763310K,49,64914802,0,929570221
0763314P,49,35407667,1,148126782
0763315R,49,70456314,1,160587531
0763324A,49,58553711,1,362295884
0763325B,49,43242692,1,256410124
0763326C,49,35704764,1,9926054
0763329F,49,50937873,0,182628664
0763333K,49,51588435,0,9000763
0763334L,49,68228875,0,367782869
0763336N,49,71075453,1,456526848
0763338R,49,7030813,0,99143295
0763344X,49,44713694,1,3276948
0763346Z,49,50697396,1,39284967
0763347A,49,47753604,1,38104227
0763349C,49,92757161,1,101440705
0763350D,49,49538608,0,15754753
0763358M,49,98925232,1,536494738
0763359N,49,84194989,1,225825019
0763360P,49,83501062,1,81225317
0763363T,49,82954902,0,900298756
0763369Z,49,41958858,1,93413348
0763407R,49,44303087,1,102508364
0763416A,49,83153648,1,663503118
0763427M,49,45685297,1,54072157
0763428N,49,71076306,1,487642122
0760004S,49,78618213,1,5649307
0760005T,49,55600706,0,953029923
0760006U,49,54162757,0,949351974
0760007V,49,54229275,0,956806409
0760009X,49,93350691,1,6125646
0760010Y,49,42526508,1,129173264
0760013B,49,57031734,0,480108511
0760017F,49,44163505,1,28541391
0760021K,49,44178885,1,15435958
0760022L,49,47368963,1,46486037
0760023M,49,92261053,1,62985587
0760024N,49,91576901,1,82206029
0760025P,49,91985836,1,58178824
0760026R,49,90711515,1,68356388
0760029U,49,29085526,1,17819023
0760030V,49,28767127,1,2775617
0760031W,49,28773608,1,1964788
0760032X,50,4722152,1,420956329
0760033Y,50,5221074,1,416280928
0760034Z,49,65023282,0,601951033
0760035A,49,74425517,0,389316911
0760036B,49,74425517,0,389316911
0760046M,49,48083951,1,717824335
0760049R,49,40317978,1,49118392
0760050S,49,51193856,0,176501129
0760052U,49,4961055,0,113716385
0760053V,49,49096945,0,103433354
0760054W,49,48795781,0,104725388
0760056Y,49,4974244,0,124176308
0760058A,49,51570546,0,166237368
0760062E,49,49117706,0,138741834
0760069M,49,50953039,0,135914994
0760072R,49,52099873,0,544128947
0760075U,49,47866711,1,39664397
0760076V,49,54630843,0,179595278
0760077W,49,46563643,1,80366964
0760079Y,49,7359627,1,440027671
0760082B,49,85666955,1,22795893
0760083C,49,35793634,1,94999086
0760086F,49,38874077,1,27825312
0760087G,49,42155874,1,53332885
0760088H,49,41892466,1,61133691
0760090K,49,44551841,1,100950931
0760091L,49,44464565,1,109006621
0760093N,49,44266145,1,9410031
0760095R,49,43240067,1,85853329
0760096S,49,451064,1,12206586
0760099V,49,38576085,1,69267764
0760100W,49,45834355,1,132941407
0760101X,49,30251831,1,18486411
0760105B,49,87846203,1,212489809
0760108E,49,86110809,0,709676277
0760109F,49,41253232,1,74830473
0760110G,49,41544471,1,84475617
0760114L,50,5634743,1,366082509
0760116N,49,7193986,0,494774619
0760118R,49,61752302,0,767942586
0760124X,49,39085831,1,100576849
0760132F,49,4974244,0,124176308
0760136K,49,48648626,0,880215935
0760137L,49,82913527,1,394547682
0760142S,49,4516604,1,121913092
0760143T,49,42600743,1,84380436
0760144U,49,51570546,0,166237368
0760145V,49,39918767,1,34618195
0760146W,49,41544471,1,84475617
0760172Z,49,42213491,1,73550837
0760173A,49,40391107,1,87085447
0760174B,49,50100518,0,110397811
0761317U,49,44806222,1,137324246
0761318V,49,92885249,1,103844192
0761322Z,49,50100518,0,110397811
0761325C,49,50105195,0,13171177
0761328F,49,50027611,0,134422858
0761330H,49,76057244,1,381308467
0761331J,49,54649188,0,193281381
0761337R,49,4417942,1,96407391
0761338S,49,61523956,0,755301899
0761341V,49,45068717,1,91065787
0761343X,49,4145167,1,147112786
0761344Y,49,48515493,1,44361503
0761347B,49,28890225,1,114157
0761348C,49,48247275,1,728401341
0761349D,49,48497264,0,135094855
0761353H,49,44914698,1,86330984
0761356L,49,44424111,1,79932149
0761359P,49,5152418,0,11973851
0761366X,49,49137626,0,113658811
0761647C,49,39107397,1,1005689
0761689Y,49,533296,0,353589613
0761690Z,49,40586052,1,62071786
0761691A,49,40847941,1,84075989
0761692B,49,45795376,1,117806506
0761693C,49,44819867,1,13736895
0761694D,49,57339441,0,948143941
0761695E,49,61635335,1,536910192
0761696F,49,50650282,0,157556967
0761697G,49,51783771,0,104957785
0761698H,49,496911,0,138274959
0761699J,49,4944334,0,121192867
0761700K,49,50722435,0,183959276
0761701L,49,57043545,0,484718967
0761703N,49,92905366,1,104243155
0761704P,49,75475403,0,386997929
0761707T,49,89862965,1,75124296
0761708U,49,28956536,1,14784991
0761710W,49,50038785,0,105558054
0761711X,49,50051354,0,117245547
0761713Z,49,40557214,1,138350766
0761715B,49,44836531,1,85168631
0761717D,49,44952199,1,100384009
0761718E,49,4478468,1,93331917
0761719F,49,42853361,1,79260731
0761720G,49,4507478,1,9365884
0761721H,49,62222988,0,759627438
0761722J,49,76864243,1,751259167
0761724L,49,45943661,1,114302803
0761725M,49,57184001,0,469110099
0761727P,49,46149707,1,51864802
0761730T,50,4611606,1,41680698
0761731U,49,75678914,0,381881865
0761734X,49,4800198,1,722597403
0761735Y,49,5018611,0,89341887
0761737A,49,42158537,1,58628483
0761739C,49,51941331,0,108876394
0761740D,49,51941331,0,108876394
0761741E,49,64545778,0,36092084
0761742F,49,39877546,1,34592589
0761745J,49,42898606,1,89442881
0761746K,49,52034965,1,31313671
0761757X,49,47844983,1,39737528
0761760A,49,40818313,1,84045672
0761772N,49,44554582,1,88181562
0761776T,49,27855256,1,41091789
0761777U,49,39389637,1,83079543
0761778V,49,44109194,1,171770283
0761779W,49,44082032,1,171763384
0761780X,49,45163549,1,141275441
0761781Y,49,51458247,0,122345951
0761782Z,49,51611043,0,171563239
0761783A,49,49302153,0,155430579
0761784B,49,64149548,0,265219184
0761785C,49,75605003,0,383088063
0761786D,49,91258486,1,73713784
0761789G,49,73925648,1,439758081
0761911P,49,51611043,0,171563239
0761912R,49,51458247,0,122345951
0761949F,49,42856514,1,64533816
0761950G,49,47250301,1,125824883
0761951H,49,66780053,0,89529978
0761952J,49,58604022,1,36314392
0761953K,49,67195669,1,286574598
0761954L,49,50517051,0,233126643
0761955M,49,50689975,0,23233479
0761956N,49,7123208,1,11078011
0762080Y,49,3502815,1,1119142
0762081Z,49,51421263,0,10067297
0762084C,49,52691898,0,724397749
0762085D,49,4756789,0,816409972
0762086E,49,79213811,1,117140555
0762087F,50,5580805,1,365446842
0762088G,49,47240541,1,125850512
0762089H,49,45338004,1,32380524
0762090J,49,54618608,1,7328547
0762091K,49,4439275,1,10459181
0762092L,49,44357597,1,17847154
0762093M,49,41410691,1,55225454
0762094N,49,41389819,1,5538492
0762107C,49,77404276,1,750373873
0762123V,49,72393172,0,779703045
0762124W,49,61752302,0,767942586
0762125X,49,86891879,1,39174898
0762126Y,49,79015279,0,633458506
0762127Z,49,52307168,0,115518506
0762128A,49,50186803,0,165171926
0762129B,49,51098359,0,188576106
0762130C,49,56977263,0,479250443
0762131D,49,3537026,1,1158599
0762132E,49,39654907,1,67786265
0762133F,49,37870839,1,104804653
0762169V,49,90553551,1,69384589
0762170W,50,4495992,1,411113734
0762173Z,49,49117003,0,140691631
0762174A,49,50186803,0,165171926
0762176C,49,49433414,0,573466861
0762177D,49,46149919,1,516568614
0762178E,49,44614729,1,90346144
0762197A,49,60147856,1,12079202
0762198B,50,4544753,1,41103014
0762199C,49,82856046,0,913188973
0762201E,49,44140989,1,28241165
0762202F,49,47454624,1,56369181
0762211R,49,40531917,1,88230469
0762225F,49,91918428,1,102814949
0762226G,49,51394023,0,90429878
0762227H,49,55018208,0,17459334
0762228J,49,55018208,0,17459334
0762229K,49,40748046,1,155168513
0762286X,49,55600706,0,953029923
0762287Y,49,75745944,0,367306453
0762288Z,49,54782343,0,190085087
0762289A,49,51947879,0,53321474
0762290B,49,44276422,1,94346068
0762315D,49,90682936,1,68410348
0762316E,49,70995892,1,114092452
0762317F,49,75605003,0,383088063
0762319H,49,61731025,1,537557961
0762320J,49,48061996,1,71771806
0762321K,49,73561117,1,44008553
0762405B,49,50984984,0,78383148
0762406C,49,93334718,1,612581475
0762442S,49,84108891,1,48372254
0762458J,49,28465431,1,1633143
0762459K,49,28447799,1,868808
0762460L,49,3609324,1,15046794
0762461M,49,2892347,1,14800453
0762563Y,49,50038785,0,105558054
0762564Z,49,40573181,1,137567923
0762565A,49,44818847,1,85242778
0762566B,49,42964468,1,81686716
0762568D,49,89838409,1,74880382
0762569E,49,56310993,0,224157708
0762598L,49,61737594,1,535548885
0762600N,49,73961297,1,440508488
0762601P,49,45472771,1,132479567
0762602R,49,30871948,1,28496715
0762679Z,49,87807552,1,214571036
0762701Y,49,52099873,0,544128947
0762738N,49,51947879,0,53321474
0762739P,49,86301956,0,71029121
0762740R,49,64545778,0,36092084
0762756H,49,53964341,0,963812146
0762764S,49,52613052,0,98530437
0762765T,49,53560969,0,973481176
0762812U,49,3862914,1,201044409
0762816Y,49,36406355,1,21425777
0762836V,49,55353592,0,491958115
0762861X,49,46342263,1,43597056
0762879S,49,61525681,0,767753419
0762880T,49,3085289,1,29491417
0762888B,49,39700656,1,160448958
0762911B,49,43858763,1,101929018
0762917H,49,27731736,1,24236161
0762919K,49,56524897,0,460268341
0762920L,49,61731025,1,537557961
0762945N,49,48795781,0,104725388
0762946P,49,43292512,1,85814532
0762948S,49,39951662,1,163277127
0762949T,49,56524897,0,460268341
0762950U,49,61525681,0,767753419
0762951V,49,86713852,0,698770099
0762953X,49,66780053,0,89529978
0762954Y,49,3884657,1,6467349
0762964J,49,4930007,0,150027907
0762965K,49,51388042,0,162108789
0762966L,49,51388042,0,162108789
0762975W,49,4930007,0,150027907
0762976X,49,92003632,1,58464305
0763002A,49,49117706,0,138741834
0763060N,49,41951889,1,60511808
0763061P,49,52613052,0,98530437
0763064T,49,89168174,1,27113562
0763079J,49,75664644,0,388637133
0763112V,49,45059007,1,92834519
0763201S,49,41355481,1,145770771
0763202T,49,44406979,1,79786867
0763203U,49,5152418,0,11973851
0763204V,49,5018611,0,89341887
0763205W,49,8412068,1,483737101
0763206X,49,49117003,0,140691631
0763220M,49,44226649,1,18096125
0763237F,49,4100525,1,70476566
0763365V,49,49188543,1,141218753
0763368Y,49,44909728,1,98012694
0763406P,49,44909728,1,98012694
0763408S,49,44909728,1,98012694
0763409T,49,28465431,1,1633143
